event_id,n_channels,channel,title,published_at,delay_min,views,comments,type
1,2,irk.ru,Ремонт дороги на улице Байкальской планируют завершить к 15 октября,2026-09-19 04:59,0,19,0,article
1,2,nts,Ремонт дороги на улице Байкальской в Иркутске завершат к 15 октября,2026-09-19 07:30,151,0,0,article
2,3,irk.ru,"14,2% избирателей Иркутской области проголосовали на выборах 18 сентября",2026-09-18 14:04,0,117,0,article
2,3,irk.kp.ru,"В первый день выборов в Госдуму в Иркутской области проголосовали 14,2%",2026-09-18 14:42,38,100,0,article
2,3,nts,"В Приангарье за первый день на выборах депутатов Государственной Думы явка составила 14,2%",2026-09-19 04:05,841,0,0,article
3,2,irk.aif.ru,"На завершение строительства школы в Братске направят свыше 1,8 миллиарда",2026-09-18 11:34,0,0,0,article
3,2,irk.ru,"1,8 миллиарда рублей направят на завершение строительства школы в Братске",2026-09-19 06:17,1123,7,0,article
4,2,irk.kp.ru,В Иркутскую область поступили 15 новых машин скорой помощи,2026-09-18 11:34,0,41,0,article
4,2,irk.ru,В Иркутскую область поступило 15 машин скорой помощи класса В,2026-09-18 14:55,201,148,0,article
5,2,irk.ru,Иркутянку приговорили к шести годам колонии за нападение на сожителя с кухонным ножом,2026-09-18 07:30,0,66,0,article
5,2,irk.kp.ru,В Иркутске женщину осудили на 6 лет за нападение на сожителя,2026-09-18 07:43,13,56,1,article
6,2,irk.kp.ru,"В Иркутске иностранца осудили за контрабанду 2,4 млн рублей",2026-09-18 06:56,0,47,0,article
6,2,irk.ru,В Иркутске суд оштрафовал иностранца за контрабанду наличных,2026-09-19 07:22,1466,0,0,article
7,2,irk.kp.ru,В Прибайкальском нацпарке закрыли большинство маршрутов из-за медведей,2026-09-18 05:52,0,74,0,article
7,2,irk.ru,Большинство маршрутов в Прибайкальском нацпарке закрыли из-за медведей,2026-09-18 07:15,83,23,0,article
8,2,irk.ru,20-летний водитель ВАЗа насмерть сбил пенсионера в Зиме,2026-09-18 04:28,0,12,0,article
8,2,irk.kp.ru,В Зиме водитель «ВАЗа» насмерть сбил 64-летнего пешехода,2026-09-18 13:20,532,1,0,article
9,2,irk.ru,В Киренском округе охотники застрелили медведя-людоеда,2026-09-18 03:04,0,599,2,article
9,2,nts,Убившего двух сборщиков ягод медведя ликвидировали в Киренском округе,2026-09-18 03:12,8,6,0,article
10,2,irk.kp.ru,Инспекторы ДПС помогли роженице добраться до перинатального центра в Иркутске,2026-09-18 02:13,0,32,0,article
10,2,nts,В Иркутске инспекторы ДПС помогли женщине со схватками добраться до роддома,2026-09-18 02:52,39,5,0,article
11,2,irk.ru,В Иркутской области стартовало трехдневное голосование на выборах в Госдуму,2026-09-18 00:23,0,33,0,article
11,2,nts,В Иркутской области открылись 1852 избирательных участка,2026-09-18 03:04,161,3,0,article
12,2,bst24bratsk,Впервые за полвека: в Иркутской области возводят новую крупную электростанцию,2026-09-17 11:47,0,18,0,video_long
12,2,nts,Первую за полвека новую крупную электростанцию возводят в Приангарье,2026-09-18 04:15,988,3,0,video_long
13,2,irk.kp.ru,В Аларском районе родным погибших бойцов СВО передали государственные награды,2026-09-17 10:47,0,50,0,article
13,2,irk.ru,В Аларском районе родным погибших бойцов СВО вручили государственные награды,2026-09-18 11:42,1495,789,0,article
14,2,irk.kp.ru,В Иркутске восстановили 28 объектов культурного наследия за 13 лет,2026-09-17 10:04,0,20,0,article
14,2,irk.ru,В Иркутске восстановили 28 объектов культурного наследия,2026-09-17 14:21,257,60,0,article
15,2,bst24bratsk,Как система «Лесохранитель» от Эн+ защищает Иркутскую область от лесных пожаров,2026-09-17 09:07,0,2,0,article
15,2,nts,Как система «Лесохранитель» от Эн+ защищает Иркутскую область от лесных пожаров,2026-09-17 10:51,104,0,0,article
16,2,irk.aif.ru,В районах Приангарья вводят режим повышенной готовности из-за медведей,2026-09-17 08:08,0,2,0,article
16,2,irk.ru,Режим повышенной готовности хотят ввести на террритории всей Иркутской области из-за медведей,2026-09-18 00:57,1009,75,0,article
17,2,nts,В Зиминском районе неизвестный водитель насмерть сбил пешехода и скрылся,2026-09-17 08:02,0,2,0,article
17,2,irk.kp.ru,На трассе в Зиминском районе насмерть сбили пешехода,2026-09-17 11:14,192,4,0,article
18,3,irk.ru,В Киренском округе медведь убил двух сборщиков дикоросов,2026-09-17 06:37,0,403,1,article
18,3,gorodprima.ru,Медведь убил двух сборщиков ягод в Иркутской области,2026-09-17 08:30,113,9,0,article
18,3,irk.kp.ru,Что произошло в Иркутске в ночь на 18 сентября 2026: последние новости,2026-09-17 22:00,923,106,0,article
19,3,nts,"Ангарчанина осудили за продажу несуществующих авто на 8,7 млн рублей",2026-09-17 04:14,0,2,0,article
19,3,irk.ru,"Ангарчанина осудили за продажу несуществующих автомобилей на 8,7 миллиона рублей",2026-09-17 07:00,166,11,0,article
19,3,irk.kp.ru,"В Ангарске мужчину осудили за обман покупателей авто на 8,7 млн рублей",2026-09-17 07:51,217,15,0,article
20,3,irk.ru,В Хомутовском округе ввели режим ЧС из-за узелкового дерматита у скота,2026-09-17 03:31,0,55,0,article
20,3,nts,Режим ЧС ввели в Хомутово из-за узелкового дерматита,2026-09-17 04:49,78,2,0,article
20,3,irk.kp.ru,Из-за вспышки дерматита у коров в Хомутовском округе объявили режим ЧС,2026-09-17 05:01,90,26,0,article
21,2,nts,Суд освободил из-под стражи водителей фур по делу об атаке дронов в Среднем,2026-09-17 03:30,0,1,0,article
21,2,bst24bratsk,Суд освободил из-под стражи водителей фур по делу об атаке дронов на аэродром под Усольем,2026-09-18 02:03,1353,3,0,article
22,2,nts,Почти миллион пассажиров: аэропорт Иркутска подвёл итоги за лето,2026-09-17 03:00,0,0,0,article
22,2,irk.ru,За лето иркутский аэропорт обслужил миллион пассажиров,2026-09-17 11:01,481,22,0,article
23,2,irk.kp.ru,"В Усть-Куте изъяли 107 немаркированных курток, шуб и пальто",2026-09-17 01:57,0,39,2,article
23,2,irk.ru,"В Усть-Куте на выставке-ярмарке изъяли 107 немаркированных курток, шуб и пальто",2026-09-17 06:02,245,219,2,article
24,2,irk.ru,В Слюдянке простились с погибшим бойцом СВО Максимом Фёдоровым,2026-09-16 13:44,0,349,2,article
24,2,irk.kp.ru,В Слюдянке простились с бойцом СВО Максимом Фёдоровым,2026-09-17 00:58,674,477,0,article
25,2,bst24bratsk,4 км дороги к селу Тангуй в Братском районе отремонтировали в рамках нацпроекта,2026-09-16 09:15,0,0,0,article
25,2,irk.ru,Дорожники отремонтировали четыре километра на подъезде к селу Тангуй в Братском районе,2026-09-17 14:04,1729,1,0,article
26,2,irk.kp.ru,В Чунском районе через суд взыскали 70 тысяч за нападение собаки на ребёнка,2026-09-16 08:24,0,5,0,article
26,2,irk.ru,Хозяин собаки заплатит 70 тысяч рублей за нападение животного на школьника в Чунском районе,2026-09-16 12:44,260,10,0,article
27,2,irk.kp.ru,В Катангском районе рабочий получил 300 тысяч за травму на производстве,2026-09-16 07:17,0,5,0,article
27,2,irk.ru,"В Катангском районе взыскали 300 тысяч рублей в пользу рабочего, пострадавшего на производстве",2026-09-16 14:17,420,2,0,article
28,2,irk.ru,В парках и скверах Иркутска восстановили 250 квадратных метров асфальта,2026-09-16 06:02,0,29,0,article
28,2,irk.kp.ru,В Иркутске обновили 250 квадратных метров асфальта на общественных территориях,2026-09-16 14:53,531,15,0,article
29,2,irk.kp.ru,"В Усть-Илимском районе полицейский застрелил медведя, гулявшего по садоводству",2026-09-16 05:37,0,623,0,article
29,2,nts,Полицейский в Усть-Илимском районе застрелил медведя в СНТ,2026-09-16 06:01,24,3,0,article
30,2,bst24bratsk,Фейковая доставка цветов и конфет лишила семью из Ангарска 2 млн рублей,2026-09-16 05:30,0,3,0,article
30,2,irk.kp.ru,"Старшеклассница хотела получить цветы и конфеты, а отдала 2 миллиона семейных накоплений",2026-09-16 06:17,47,1645,0,article
31,2,nts,В Приангарье на обустройство контейнерных площадок потратили более 350 млн рублей,2026-09-16 05:07,0,1,0,article
31,2,irk.kp.ru,В Иркутской области создали больше 580 новых площадок для сбора мусора,2026-09-16 07:54,167,8,0,article
32,2,nts,Все муниципалитеты Приангарья просят ввести режим повышенной готовности из-за медведей,2026-09-16 00:36,0,7,0,article
32,2,irk.kp.ru,Режим повышенной готовности вводят в районах Иркутской области из-за медведей,2026-09-17 08:40,1924,344,1,article
33,3,irk.aif.ru,Мемориальную доску участнику СВО Евгению Суслову открыли в Иркутске,2026-09-15 13:49,0,2,0,article
33,3,irk.ru,Мемориальную доску кавалеру ордена Мужества Евгению Суслову установили в Иркутске,2026-09-16 02:36,767,43,0,article
33,3,irk.kp.ru,В Иркутске открыли мемориальную доску кавалеру ордена Мужества Евгению Суслову,2026-09-16 05:55,966,31,0,article
34,2,nts,Ремонт Московских ворот в Иркутске завершён,2026-09-15 06:41,0,3,0,article
34,2,irk.kp.ru,В Иркутске завершился ремонт фасада Московских ворот,2026-09-16 02:41,1200,207,0,article
35,2,irk.kp.ru,В Иркутске экс-директора лесозаготовительной компании обязали вернуть 100 млн,2026-09-15 03:43,0,1182,1,article
35,2,irk.aif.ru,Экс-директора фирмы в Иркутске обязали вернуть 100 млн за контрабанду леса,2026-09-15 05:23,100,9,0,article
36,2,irk.kp.ru,В Иркутском округе от узелкового дерматита привили больше 16 тысяч животных,2026-09-14 23:35,0,109,0,article
36,2,nts,"В Иркутском округе вакцинировали от узелкового дерматита более 16,5 тысяч голов скота",2026-09-15 01:50,135,7,0,article
37,2,irk.aif.ru,Фермер палкой пытался отогнать медведя в Иркутской области,2026-09-14 10:46,0,10,0,article
37,2,irk.kp.ru,"В Иркутской области фермер получил раны, отгоняя медведя от свиньи",2026-09-15 00:45,839,261,0,article
38,2,nts,Учёные Иркутска объяснили причину рекордной жары и мощных ливней в сентябре,2026-09-14 10:17,0,6,0,article
38,2,irk.kp.ru,«Такого не было все 144 года!»: чем удивил сентябрь 2026 жителей Иркутской области,2026-09-15 01:17,900,330,0,article
39,2,nts,В Заларинском районе 33 работникам предприятия не платили за вредные условия труда,2026-09-14 05:49,0,0,0,article
39,2,irk.kp.ru,В Заларинском районе 33 работникам доплатили за вредные условия труда,2026-09-14 06:14,25,433,0,article
40,2,irk.kp.ru,"За неделю в Иркутской области в ДТП погибли восемь человек, включая ребёнка",2026-09-14 03:10,0,46,0,article
40,2,nts,За неделю в Приангарье в ДТП погибли 7 взрослых и один ребёнок,2026-09-14 03:12,2,2,0,article
41,2,irk.kp.ru,В Ангарске при столкновении с автомобилем погиб мотоциклист,2026-09-12 11:57,0,57,0,article
41,2,nts,Мотоциклист погиб при перестроении кроссовера на трассе «Сибирь» в Ангарске,2026-09-13 05:21,1044,6,0,article
42,2,irk.kp.ru,Глава СК запросил доклад по делу о ДТП с погибшим ребенком в Ангарске,2026-09-12 04:12,0,2061,3,article
42,2,irk.aif.ru,Глава СК запросил доклад по делу гибели мальчика в ДТП в Иркутской области,2026-09-12 07:00,168,6,0,article
43,3,irk.aif.ru,"В Тайшете легковая столкнулась со скорой, есть пострадавшие",2026-09-11 15:22,0,2,0,article
43,3,bst24bratsk,ДТП с машиной скорой помощи в Тайшете: трое пострадавших,2026-09-12 05:00,818,6,0,article
43,3,nts,Глава СК взял на контроль проверку ДТП со скорой в Тайшете,2026-09-13 04:29,2227,1,0,article
44,2,irk.aif.ru,В Братске мужчину приговорили к сроку в колонии за хранение пороха,2026-09-11 08:49,0,0,0,article
44,2,irk.kp.ru,Жителя Братска осудили за продажу пороха и хранение патронов,2026-09-11 09:22,33,53,0,article
45,2,irk.kp.ru,Жителя Шелехова осудят за статус «смотрящего» и экстремизм,2026-09-11 08:10,0,100,1,article
45,2,nts,Шелеховчанина будут судить за создание криминального сообщества в Иркутской области,2026-09-11 10:02,112,8,0,article
46,2,irk.kp.ru,В Иркутской области от укусов клещей пострадали 104 человека за неделю,2026-09-11 04:24,0,35,0,article
46,2,irk.aif.ru,29 детей пострадали от укусов клещей за неделю в Иркутской области,2026-09-12 02:42,1338,0,0,article
47,2,bst24bratsk,Пенсионерка без прав сбила 2 детей на переходе в Ангарске. 5-летний мальчик погиб,2026-09-11 04:16,0,19,0,article
47,2,nts,Пятилетний мальчик погиб под колёсами кроссовера в Ангарске,2026-09-11 04:43,27,9,0,article
48,2,irk.kp.ru,В Братском районе бойцу СВО выплатили задержанную зарплату после проверки,2026-09-11 02:56,0,983,1,article
48,2,irk.aif.ru,В Братском районе бойцу СВО задолжали зарплату,2026-09-11 04:43,107,0,0,article
49,2,irk.kp.ru,"В Тулуне трое подростков устроили пожар в подъезде, пострадал мужчина",2026-09-11 01:57,0,16,0,article
49,2,nts,Из-за шалости троих подростков в Тулуне пострадал человек на пожаре,2026-09-11 03:24,87,3,0,article
50,2,irk.aif.ru,В Иркутской области началась вакцинация животных от узелкового дерматита,2026-09-10 02:06,0,7,1,article
50,2,irk.kp.ru,Вакцинация скота и выплаты пострадавшим: как обстоит ситуация с узелковым дерматитом в Иркутской области 10 сентября 202,2026-09-10 09:05,419,3,0,article
51,2,irk.kp.ru,"В Киренске ветеринары спасли котёнка, который отравился мухомором",2026-09-10 01:20,0,37,0,article
51,2,nts,Отравившегося мухомором котёнка спасли ветеринары в Киренске,2026-09-10 03:04,104,8,0,article
52,2,nts,В Усть-Илимске ввели режим повышенной готовности из-за участившихся выходов медведей к людям,2026-09-09 08:31,0,3,0,article
52,2,irk.kp.ru,В Усть-Илимске ввели режим повышенной готовности из-за медведей,2026-09-09 13:58,327,68,0,article
53,2,irk.kp.ru,Врач-офтальмолог спас пациентку от мошенников во время приема: распознал схему по одной фразе,2026-09-09 07:03,0,71,0,article
53,2,irk.aif.ru,В Улан-Удэ врач спас от мошенников 3 млн рублей пациентки на приеме,2026-09-10 09:30,1587,3,0,article
54,2,irk.aif.ru,В Усольском районе сгорела квартира в многоэтажке,2026-09-09 06:01,0,1,0,article
54,2,irk.kp.ru,В Усольском районе пожарные спасли трёх человек из горящей квартиры,2026-09-09 07:40,99,3,0,article
55,2,nts,Подростка из Шелехова приговорили к 8 годам лишения свободы за двойное убийство,2026-09-09 02:35,0,33,1,article
55,2,irk.aif.ru,В Шелехове 15-летнему подростку дали 8 лет за двойное убийство,2026-09-09 03:07,32,13,0,article
56,2,irk.kp.ru,Рядовой Сергей Антипин из Эхирит-Булагатского района погиб в зоне СВО,2026-09-09 02:01,0,93,0,article
56,2,irk.aif.ru,Штурмовик из Эхирит-Булагатского района Антипин погиб на СВО,2026-09-09 05:02,181,3,0,article
57,2,irk.kp.ru,Медведя заметили в районе Курчатовского лога в Братске,2026-09-08 01:21,0,64,0,article
57,2,irk.aif.ru,В Братске заметили медведя,2026-09-08 02:08,47,2,0,article
58,2,irk.aif.ru,За помощь мошенникам суд назначил штраф 17-летней жительнице Киренска,2026-09-07 13:40,0,1,0,article
58,2,irk.kp.ru,17-летнюю жительницу Киренска оштрафовали за помощь мошенникам,2026-09-07 23:30,590,13,0,article
59,3,bst24bratsk,"В Братске задержали водителя, который сбил трёх подростков на переходе и скрылся",2026-09-07 07:53,0,19,0,article
59,3,irk.kp.ru,В Братске водитель сбил трёх подростков и скрылся,2026-09-07 07:53,0,20,0,article
59,3,nts,В Братске водитель сбил троих школьников на переходе и скрылся,2026-09-07 09:35,102,3,0,article
60,2,irk.kp.ru,Медведь забрался на территорию детского сада в Ангарске,2026-09-07 06:48,0,106,0,article
60,2,nts,Медведь забрался на территорию детского сада в Ангарске,2026-09-09 06:30,2862,372,0,video_long
61,2,irk.aif.ru,В Братске медведь напал на охотника,2026-09-07 02:59,0,56,1,article
61,2,irk.kp.ru,В Братске раненый медведь напал на охотника во время отстрела,2026-09-07 03:19,20,900,4,article
62,2,irk.kp.ru,В Иркутской области привели в порядок склад древесины после проверки,2026-09-07 00:45,0,265,0,article
62,2,irk.aif.ru,В Иркутской области склад древесины привели в порядок после проверки,2026-09-07 01:00,15,2,0,article
63,2,bst24bratsk,Более 163 тысяч ветеранов труда в Приангарье получают льготы и выплаты,2026-09-06 07:00,0,6,0,article
63,2,irk.kp.ru,Почти 164 тысячи ветеранов труда в Иркутской области получают льготы и выплаты,2026-09-07 00:13,1033,1149,2,article
64,2,irk.kp.ru,Люди годами живут в доме с трещинами в стенах в Усть-Илимске,2026-09-06 05:19,0,1238,6,article
64,2,irk.aif.ru,В Усть-Илимске жители разрушающегося дома обратились к Бастрыкину,2026-09-06 09:33,254,5,0,article
65,2,irk.kp.ru,Черемхово официально присвоили звание «Город трудовой доблести»,2026-09-06 02:01,0,47,0,article
65,2,irk.aif.ru,Президент удостоил Черемхово звания «Город трудовой доблести»,2026-09-06 04:49,168,8,0,article
66,2,irk.aif.ru,В Иркутской области возбудили дело из-за гибели в пожаре пациента больницы,2026-09-05 11:11,0,4,0,article
66,2,nts,Пожар в психоневрологическом отделении унёс жизнь пациента в Железногорске-Илимском,2026-09-05 11:49,38,19,0,article
67,2,irk.kp.ru,В Усольском районе на пожаре в садовом доме погибла 70-летняя женщина,2026-09-05 08:50,0,59,0,article
67,2,bst24bratsk,При пожаре в садовом доме в Усольском районе погибла женщина,2026-09-06 03:00,1090,4,0,article
68,2,bst24bratsk,Двоих мужчин будут судить за незаконную добычу криптовалюты в Бодайбо,2026-09-05 05:31,0,5,0,article
68,2,irk.aif.ru,В Бодайбо директора и главного инженера отдали под суд за майнинг в доме,2026-09-05 06:12,41,7,0,article
69,2,irk.kp.ru,В Иркутске ночью сгорел частный дом из-за аварийного режима электросети,2026-09-05 03:24,0,35,0,article
69,2,bst24bratsk,Семья с двумя детьми эвакуировалась из горящего дома в Иркутске,2026-09-05 05:52,148,7,0,article
70,2,irk.kp.ru,В Прибайкальском нацпарке закрыли ещё два маршрута из-за медведей,2026-09-04 08:20,0,209,0,article
70,2,nts,Ещё два туристических маршрута закрыли в Прибайкальском нацпарке из-за медведей,2026-09-06 05:28,2708,8,0,article
71,2,irk.kp.ru,В Иркутской области снижается активность клещей,2026-09-04 05:58,0,15,0,article
71,2,nts,Активность клещей в Иркутской области пошла на спад,2026-09-04 11:33,335,2,0,article
72,2,irk.kp.ru,"Суд в Иркутске вынес приговор за контрабанду драгоценностей на 6,3 млн рублей",2026-09-04 05:08,0,22,0,article
72,2,irk.aif.ru,В Иркутске иностранку оштрафовали за контрабанду алмазов и золотых колец,2026-09-04 05:12,4,10,0,article
73,2,irk.aif.ru,"В Иркутске почтили память медиков, погибших от COVID-19",2026-09-04 03:29,0,2,0,article
73,2,irk.kp.ru,"В Иркутске почтили память 46 медиков, погибших от COVID-19",2026-09-04 04:13,44,254,0,article
74,2,irk.aif.ru,В Усть-Илимске в результате пожара погибла женщина,2026-09-04 03:12,0,1,0,article
74,2,irk.kp.ru,В Усть-Илимске в пожаре погибла 69-летняя женщина,2026-09-04 10:19,427,11,0,article
75,2,irk.kp.ru,В Иркутском округе ввели карантин из-за опасного вируса у коров,2026-09-03 10:51,0,1239,0,article
75,2,nts,Вспышку узелкового дерматита выявили в деревне Бутырки Иркутского округ,2026-09-05 06:56,2645,29,0,article
76,2,irk.kp.ru,Кондитеру из Иркутска выплатили 85 тысяч после незаконного увольнения,2026-09-03 07:52,0,76,0,article
76,2,nts,В Иркутске кондитеру выплатили 85 тысяч после незаконного увольнения,2026-09-04 11:46,1674,6,0,article
77,2,irk.kp.ru,В Братске водитель троллейбуса спасла пенсионерку от потери миллионов,2026-09-02 13:41,0,2684,0,article
77,2,irk.aif.ru,Водитель троллейбуса спасла пенсионерку от потери миллионов в Братске,2026-09-03 06:51,1030,9,0,article
78,2,irk.kp.ru,Второй серийный МС-21 передали на летные испытания в Иркутске,2026-09-01 07:45,0,32,1,article
78,2,nts,Второй серийный МС‑21‑310 передан на испытания,2026-09-02 08:40,1495,27,0,article
79,2,irk.aif.ru,В Усть-Куте открыли аэропорт,2026-09-01 06:02,0,3,0,article
79,2,irk.kp.ru,Аэропорт Усть-Кута возобновил работу после ремонта,2026-09-01 06:57,55,43,0,article
80,2,irk.kp.ru,Школьные линейки в Слюдянском районе проведут в помещениях из-за медведей,2026-09-01 02:53,0,2018,10,article
80,2,nts,Из-за медведей школьные линейки в Слюдянском районе пройдут в помещениях,2026-09-01 04:30,97,5,0,article
81,2,nts,СМИ: В Казачинско-Ленском районе погиб человек при разрыве газопровода,2026-09-01 02:41,0,6,0,article
81,2,bst24bratsk,"1 человек погиб, 7 пострадали при взрыве газа на Ковыктинском месторождении на севере Иркутской области",2026-09-01 05:06,145,16,0,article
82,2,irk.kp.ru,"Капремонт дома в Ангарске, повреждённого взрывом газа, закончат в октябре",2026-08-31 11:27,0,190,0,article
82,2,irk.aif.ru,Кобзев проверил восстановление пострадавшего от взрыва газа дома в Ангарске,2026-09-01 00:56,809,7,0,article
83,2,irk.aif.ru,Два ребенка устроили пожар в Тайшете,2026-08-31 05:25,0,1,0,article
83,2,irk.kp.ru,"В Тайшете двое детей устроили пожар, играя со спичками",2026-08-31 06:35,70,29,0,article
84,2,irk.aif.ru,Три тысячи работодателей обратились в Кадровый центр Иркутской области,2026-08-31 00:57,0,0,0,article
84,2,irk.kp.ru,Кадровый центр Иркутской области с начала года помог более 3 тыс. работодателей,2026-08-31 01:11,14,34,0,article
84,2,irk.kp.ru,В Кадровый центр Иркутской области обратились 3 тыс. работодателей с начала года,2026-08-31 09:37,520,6,0,article
85,2,nts,В Хомутово 18-летняя пассажирка погибла после переворота машины,2026-08-30 05:52,0,22,0,article
85,2,irk.kp.ru,В Иркутской области 18-летняя девушка погибла при опрокидывании автомобиля,2026-08-30 06:24,32,629,0,article
