published_at,type,title,url,views,comments,size_sec,lead
2026-09-19 05:26,article,Падь Ключевую окончательно утвердили для строительства аэропорта Иркутска,https://dzen.ru/a/aq4d198hLg35qu7k,8,0,46,"Завершена разработка предпроектной документации для строительства нового аэропорта Иркутска в пади Ключевой, которая расположена между Ангарском и Иркутском. НИИ ГА «Аэропроект» подготовил документаци"
2026-09-18 16:00,article,За Россию! На выборы в Госдуму 2026 в Иркутске первыми пришли ветераны,https://dzen.ru/a/aq1iA0jUgT5jmNb_,4,0,309,"Голосование на выборах в Госдуму 2026 в Иркутской области началось, как и везде, с 8 утра. Спешащие по делам иркутяне и были первыми среди тех, кто пришёл к избирательным урнам. Но, конечно, большинст"
2026-09-18 11:34,article,"На завершение строительства школы в Братске направят свыше 1,8 миллиарда",https://dzen.ru/a/aq0ib05PhhqP4qTv,0,0,39,"На завершение строительства школы на 1275 мест в 26 микрорайоне Братска в 2027 направят более 1,8 миллиардов рублей. Ещё около 302 миллионов будет предусмотрено в муниципальном бюджете. Об этом сообща"
2026-09-18 06:52,article,Режим повышенной готовности введут в Иркутской области из-за медведей,https://dzen.ru/a/aqzgFx3cWgqrNNSx,3,0,49,В Иркутской области введут режим повышенной готовности из-за участившихся выходов медведей к населённым пунктам. Об этом irk.aif.ru сообщили в пресс-службе правительства региона. «Ежедневно фиксируетс
2026-09-18 04:41,article,Новый томограф появится в Иркутской областной больнице до конца 2026,https://dzen.ru/a/aqzBrd8hLg35okYv,3,0,58,В Иркутскую областную клиническую больницу до конца 2026 года поступит новый компьютерный томограф стоимостью 68 миллионов рублей. Губернатор Иркутской области Игорь Кобзев и главный врач Петр Дудин о
2026-09-18 04:18,article,День длиннее ночи? Астроном развеял главный миф об осеннем равноденствии,https://dzen.ru/a/aqy8eUjUgT5jlHN3,0,0,250,"Осеннее равноденствие 2026 наступит 23 сентября в 00 часов 05 минут по Всемирному времени — в это время в Москве будет 03:05, в Красноярске — 07:05, в Иркутске и Улан-Удэ — 08:05, а во Владивостоке — "
2026-09-17 12:20,article,"Ранен, но не пойман. Медведь убил двух сборщиков брусники в тайге",https://dzen.ru/a/aqvbxx3cWgqrMeTp,4311,10,319,"Медведи атакуют. За неделю на севере Иркутской области, в тайге под Киренском, от их лап погибли уже три человека — 72-летний грибник и двое сборщиков ягоды 65 и 55 лет. Люди знали про опасность, знал"
2026-09-17 09:40,article,СК начал проверку после смерти двух жителей Приангарья от нападения медведя,https://dzen.ru/a/aqu1zx3cWgqrMWYh,5,0,36,В Иркутской области следственный комитет устанавливает обстоятельства гибели двух местных жителей в лесу в Киренском районе. Об этом сообщает пресс-служба СУ СК РФ по Иркутской области. «По предварите
2026-09-17 09:15,article,За помощь террористам иркутянина приговорили к 8 годам лишения свободы,https://dzen.ru/a/aquwC05PhhqP3jnB,5,0,32,"Пресс-служба ГУ МВД РФ по Иркутской области сообщает, что в Иркутске 35-летний местный житель оказывал финансовую поддержку террористической организации и совершал в её пользу денежные переводы. «На о"
2026-09-17 08:08,article,В районах Приангарья вводят режим повышенной готовности из-за медведей,https://dzen.ru/a/aqugWkjUgT5jjda2,2,0,43,"Муниципальным образованиям Иркутской области, где участились случаи выходов медведей к людям, рекомендуют ввести режим повышенной готовности. Об этом сообщил глава региона Игорь Кобзев. «На сегодня та"
2026-09-17 08:00,article,25 Байкальский кинофестиваль «Человек и Природа» открылся в Иркутске,https://dzen.ru/a/aque7kjUgT5jjczW,0,0,112,"25-й Байкальский международный кинофестиваль «Человек и Природа» имени В. Г. Распутина торжественно открылся в Иркутске. В его конкурсной программе представлено 35 работ, подготовленных режиссёрами Ро"
2026-09-17 05:11,article,В туристическом 130 квартале Иркутска перекладывают плитку,https://dzen.ru/a/aqt3REjUgT5jjNeN,2,1,120,"В конце августа подрядные организации приступили к перекладке плитки на территории 130-го квартала. Оценить ход работ выехали мэр Иркутска Руслан Болотов, представители профильных комитетов мэрии, МКУ"
2026-09-17 03:50,article,Фильм о Шишкинских писаницах сняли в Иркутске,https://dzen.ru/a/aqtj0E5PhhqP3VlP,1,0,37,В Иркутске сняли научно-популярный фильм «Шишкинские писаницы» о наскальных рисунках. Об этом в соцсетях сообщила киностудия «Матёра». «В петроглифах отражаются и интеллектуальный мир древнего человек
2026-09-17 03:17,article,Медведя застрелили рядом с кафе в Иркутской области,https://dzen.ru/a/aqtcON8hLg35mfU5,0,0,41,"В Братске застрелили медведя, которого видели возле кафе. Об этом irk.aif.ru сообщили в администрации города. С 14 по 17 сентября в городе ликвидировали пять хищников. Двух застрелили в районе садовод"
2026-09-17 01:59,article,"В Иркутской области застрелили медведя, который пытался ворваться в дом",https://dzen.ru/a/aqtJwk5PhhqP3Rgl,4,0,45,"В садоводстве «Лесники» Усть-Илимского района 16 сентября застрелили медведя, который ранее пытался ворваться в частный дом. Об этом сообщила официальный представитель МВД России Ирина Волк. «На место"
2026-09-16 15:54,article,Житель Крыма принял участие в пятом сезоне шоу «Титаны» на ТНТ,https://dzen.ru/a/aqq8SB3cWgqrLq0e,0,0,74,"Житель Алушты Павел Петрусевич стал участником пятого сезона шоу «Титаны» на канале ТНТ. Как сообщает издание КП-Иркутск, спортсмену 29 лет, он чемпион всероссийских соревнований по сумо и чемпион Кры"
2026-09-16 14:47,article,Денис Мацуев сыграл на уличном пианино в центре Иркутска,https://dzen.ru/a/aqqsv0jUgT5jiFaD,8,0,36,Всемирно известный пианист Денис Мацуев сыграл на уличном фортепиано в центре Иркутска. Об этом irk.aif.ru рассказали в городской администрации. Музыкант решил устроить спонтанный концерт во время про
2026-09-16 14:14,article,Машина перевернулась из-за столкновения с другим авто в Иркутске,https://dzen.ru/a/aqqk298hLg35leis,5,0,36,"В результате ДТП в Иркутске 16 сентября 2026 перевернулся автомобиль «Тойота Рейс», его водитель пострадала. Об этом irk.aif.ru сообщили в Госавтоинспекции города. 48-летняя женщина, которая была за р"
2026-09-16 08:51,article,В Иркутске закончили обновлять фасад Московских ворот,https://dzen.ru/a/aqpY_B3cWgqrLV91,0,0,77,"В Иркутске завершили ремонт внешней части Московских ворот. Мэр Руслан Болотов приехал на Нижнюю набережную Ангары и посмотрел, как всё сделано. «Московские ворота появились здесь в рамках подготовки "
2026-09-16 06:46,article,Урожай дружбы. Фестиваль «Багач собирает друзей» прошёл в Иркутской области,https://dzen.ru/a/aqo73EjUgT5jhVyt,9,0,178,"В культурах многих народов есть осенний праздник, посвящённый урожаю и плодородию. Белорусы — не исключение, в сентябре они отмечают Багач. А в Иркутской области уже пятый раз состоялся приуроченный к"
2026-09-16 05:43,article,Полицейские защитили жителей посёлка от медведя в Иркутской области,https://dzen.ru/a/aqos8UjUgT5jhQCl,23,0,35,"В Усть-Илимском районе в полицию поступил звонок о том, что по одной из улиц садоводства «Лесник» бродит медведь. На место направили экипаж полиции и представителей экологических служб. Об этом сообща"
2026-09-16 04:36,article,Джазовый музыкант Мистер Мелвин выступит с концертом в Иркутске 6 октября,https://dzen.ru/a/aqodWN8hLg35klvV,2,0,75,Джазовый музыкант Мистер Мелвин выступит с концертом в Иркутске 6 октября. Об этом irk.aif.ru сообщили организаторы мероприятия. Мистер Мелвин — сценическое имя Мелвина Тревиса. Музыкант обучался в Па
2026-09-15 13:49,article,Мемориальную доску участнику СВО Евгению Суслову открыли в Иркутске,https://dzen.ru/a/aqlR5N8hLg35jfYJ,2,0,46,"В Иркутске открыли мемориальную доску кавалеру ордена Мужества Евгению Суслову. Её разместили на фасаде школы № 23 на улице Советской, 172, где он учился. Об этом irk.aif.ru сообщили в пресс-службе го"
2026-09-15 11:21,article,СК: возбуждено уголовное дело после схода 11 вагонов в Иркутской области,https://dzen.ru/a/aqkrCR3cWgqrKg5p,0,0,40,В Иркутской области возбудили уголовное дело после схода с рельсов 11 вагонов. Об этом irk.aif.ru сообщили в пресс-службе Восточно-Сибирской железной дороги. «В августе на перегоне станции Облепиха — 
2026-09-15 09:58,article,Стала известна программа кинофестиваля «Человек и Природа»,https://dzen.ru/a/aqkXFt8hLg35jHAI,0,0,120,"На 25-м Байкальском международном кинофестивале «Человек и Природа» в Иркутске зрители смогут пообщаться с известными актерами и режиссерами. Рассказываем о программе фестиваля. «Кинофестиваль ""Челове"
2026-09-15 05:23,article,Экс-директора фирмы в Иркутске обязали вернуть 100 млн за контрабанду леса,https://dzen.ru/a/aqjcTt8hLg35iwBz,9,0,46,В Иркутске бывшего директора лесозаготовительной компании обязали вернуть 100 миллионов рублей за контрабанду леса. Об этом irk.aif.ru сообщили в объединенной пресс-службе судов общей юрисдикции Иркут
2026-09-15 03:43,article,В Иркутской области за выборами будут следить больше 3800 наблюдателей,https://dzen.ru/a/aqjAkN8hLg35imN8,0,0,111,Политические партии договорились с Центром общественного наблюдения о совместной работе. Сам центр откроют в Иркутской области вечером в четверг — за 12 часов до начала голосования. Тогда же проверят 
2026-09-15 03:18,article,Стала известна программа кинофестиваля «Человек и Природа»,https://dzen.ru/a/aqjAkN8hLg35imN-,0,0,120,"На 25-м Байкальском международном кинофестивале «Человек и Природа» в Иркутске зрители смогут пообщаться с известными актерами и режиссерами. Рассказываем о программе фестиваля. ""Кинофестиваль «Челове"
2026-09-14 13:30,article,Прислал телеграмму от убитого. Преступник 26 лет жил под чужим именем,https://dzen.ru/a/aqf43N8hLg35hhfq,28,0,157,"Когда сотрудники уголовного розыска в Белгородской области остановили 51-летнего мужчину и назвали его настоящим именем — он понял: всё. Почти 30 лет мужчина жил по чужим документам, привык к другому "
2026-09-14 11:31,article,За дропперство осудили 20-летнего жителя Братского района,https://dzen.ru/a/aqfbnd8hLg35hXEN,3,0,57,"В сентябре 2025 года житель Вихоревки, испытывая материальные трудности, в одном из каналов популярного мессенджера откликнулся на объявление с предложением лёгкого заработка за оформление на своё имя"
2026-09-14 10:46,article,Фермер палкой пытался отогнать медведя в Иркутской области,https://dzen.ru/a/aqfRH0jUgT5jd-KA,10,0,32,Работник фермы пытался отогнать медведя от задавленной свиньи — мужчина получил травмы. Об этом сообщает пресс-служба МВД РФ по Иркутской области. «Всё произошло в деревне Ук-Бадарановка Иркутской обл
2026-09-14 09:57,article,В Приангарье свыше 37 000 человек проголосуют через «Мобильный избиратель»,https://dzen.ru/a/aqfFzt8hLg35hPFS,0,0,75,"Сегодня, 14 сентября 2026 года, последний день, когда можно подать заявление о голосовании на выборах депутатов Госдумы по месту нахождения. Сделать это через портал Госуслуг можно до 23:59 по московс"
2026-09-14 07:08,article,Пьяный школьник устроил ДТП с пострадавшими в Иркутской области,https://dzen.ru/a/aqedv0jUgT5jdrx4,13,0,51,"В Эхирит-Булагатском районе 13 сентября трое подростков пострадали в ДТП, перевернувшись на автомобиле. Об этом irk.aif.ru сообщили в пресс-службе Госавтоинспекции по Иркутской области. «На шестом кил"
2026-09-14 06:50,article,Здание с рестораном продают в Иркутске за 104 млн рублей,https://dzen.ru/a/aqeZfEjUgT5jdqPs,4,0,36,"В 130-м квартале в Иркутске на продажу выставили здание с рестораном за 104 миллиона рублей. Объявление появилось на одном из сайтов по продаже недвижимости. Здание, которое находится на улице Седова,"
2026-09-14 05:25,article,Житель Иркутской области погиб от нападения медведя,https://dzen.ru/a/aqeGMx3cWgqrJXYV,18,0,38,В Киренском районе мужчина отправился в лес за грибами и погиб от лап медведя. Об этом irk.aif.ru сообщили в пресс-службе ГУ МВД по Иркутской области. «Пенсионер из села Алымовка отправился за грибами
2026-09-14 04:18,article,Более 54 млн взыскали с жителя Иркутска за контрабанду леса,https://dzen.ru/a/aqd2EEjUgT5jdewT,0,0,39,В Иркутске с руководителя фирмы взыскали более 54 миллионов рублей за контрабанду леса. Об этом irk.aif.ru сообщили в пресс-службе прокуратуры по Иркутской области. «С 2014 по 2018 годы руководитель о
2026-09-14 02:33,article,Контрафакта на 250 тысяч обнаружили у предпринимателя в Иркутской области,https://dzen.ru/a/aqddCkjUgT5jdXKb,8,3,42,"Прокуратура провела проверку в одной из торговых точек Иркутска. Там выявили товары, на которые были незаконно нанесены товарные знаки известных брендов. Об этом сообщает пресс-служба восточно-сибирск"
2026-09-13 06:04,article,Драматургу из Черемхова Владимиру Гуркину исполнилось 75 лет,https://dzen.ru/a/aqY_Ih3cWgqrIj1V,7,0,89,13 сентября 2026 года исполняется 75 лет со дня рождения драматурга Владимира Гуркина. В честь этой памятной даты в Черемхово с 6 сентября идёт всероссийский фестиваль «Театральная провинция». Подробн
2026-09-12 12:09,article,Водитель мотоцикла столкнулся с кроссовером и погиб в Иркутской области,https://dzen.ru/a/aqVBf3OQWXLZnITn,10,0,33,"В Ангарске 12 сентября произошло дорожно-транспортное происшествие, в котором погиб мотоциклист. Об этом irk.aif.ru сообщили в пресс-службе Госавтоинспекции по Иркутской области. «51-летний водитель а"
2026-09-12 11:56,article,Заморозки до -5 градусов ожидаются в Иркутской области 13 и 14 сентября,https://dzen.ru/a/aqU-pGFhSwy0xUs5,8,0,37,"В Иркутской области 13 и 14 сентября местами ожидаются заморозки до −0, 5 градусов. Об этом irk.aif.ru сообщили в пресс-службе регионального ГУ МЧС. «В северных районах 13 сентября местами пройдут кра"
2026-09-12 10:15,article,Два человека погибли в ДТП с грузовиком и кроссовером в Иркутской области,https://dzen.ru/a/aqUm6HOQWXLZm_l9,7,0,50,На федеральной трассе «Вилюй» в Братском районе 12 сентября при столкновении грузовика и кроссовера погибли два человека. Об этом irk.aif.ru сообщили в пресс-службе Госавтоинспекции по Иркутской облас
2026-09-12 07:00,article,Глава СК запросил доклад по делу гибели мальчика в ДТП в Иркутской области,https://dzen.ru/a/aqT5JWFhSwy0w9gM,6,0,51,"Председатель Следственного комитета Александр Бастрыкин запросил доклад по уголовному делу о ДТП в Иркутской области, в котором погиб пятилетний мальчик. Об этом сообщили в Информационном центре СК Ро"
2026-09-12 05:21,article,Авиакомпанию оштрафовали за продажу лишних билетов в Иркутске,https://dzen.ru/a/aqTh1HOQWXLZmoTF,1,0,40,"В Иркутске авиакомпания получила штраф за то, что продала больше билетов, чем было мест в самолёте. Об этом irk.aif.ru сообщили в пресс-службе Восточно-Сибирской транспортной прокуратуры. «В 2025 году"
2026-09-12 02:42,article,29 детей пострадали от укусов клещей за неделю в Иркутской области,https://dzen.ru/a/aqS8-GFhSwy0wqUT,0,0,3,В Иркутской области с начала эпидсезона было зарегистрировано 21 324 обращения.
2026-09-11 15:22,article,"В Тайшете легковая столкнулась со скорой, есть пострадавшие",https://dzen.ru/a/aqQdX2FhSwy0vzZ1,2,0,42,"В Тайшете сотрудники Госавтоинспекции выясняют, как произошла авария с участием скорой помощи. Оно произошло утром 11 сентября на перекрёстке улиц Ленина и Пушкина. «По предварительным данным, 43-летн"
2026-09-11 09:24,article,Верховный суд разрешил возбудить уголовное дело на судью в Иркутске,https://dzen.ru/a/aqPJm2FhSwy0vUdf,9,0,44,"Верховный суд России отказал в удовлетворении жалобы судьи Арбитражного суда Иркутской области в отставке, которая пыталась оспорить решение Высшей квалификационной коллегии судей (ВККС) о согласии на"
2026-09-11 08:49,article,В Братске мужчину приговорили к сроку в колонии за хранение пороха,https://dzen.ru/a/aqPBAHOQWXLZlDrG,0,0,45,"В Братске мужчину осудили за хранение и сбыт пороха и боеприпасов. Об этом сообщили в пресс-службе судов Иркутской области. Падунский районный суд Братска вынес приговор местному жителю, признанному в"
2026-09-11 07:40,article,Авторитет из Шелехова занял высший пост преступной иерархии и попал под суд,https://dzen.ru/a/aqOxK6KBtmtjPfR1,4,0,38,"В Иркутской области перед судом предстанет мужчина, обвиняемый в экстремистской деятельности. Об этом сообщили в региональном Следственном комитете. 39-летний житель Шелехова обвиняется в организации "
2026-09-11 06:45,article,СК возбудил уголовное дело по факту гибели ребенка в ДТП в Ангарске,https://dzen.ru/a/aqOj5u6e4WkGCoT4,3,0,31,"В Ангарске возбуждено уголовное дело после ДТП, в котором погиб пятилетний ребенок. Об этом сообщили в региональном Следственном комитете. В Ангарске возбуждено уголовное дело в отношении 63-летней же"
2026-09-11 04:43,article,В Братском районе бойцу СВО задолжали зарплату,https://dzen.ru/a/aqOHo6KBtmtjPRYF,0,0,31,"Прокуратура Братского района восстановила трудовые права участника СВО. Об этом сообщили в прокуратуре Иркутской области. Проверка показала, что в январе 2026 года работодатель задержал ему зарплату, "
2026-09-11 03:14,article,В иркутской школе открыли мемориальную доску в честь бойца СВО Голышева,https://dzen.ru/a/aqNyf-6e4WkGCf87,3,0,45,На фасаде иркутской школы № 30 имени Ильи Легкодимова установили мемориальную доску в память об Александре Голышеве — участнике СВО и кавалере ордена Мужества. Об этом сообщили в мэрии. Почтить память
2026-09-11 00:45,article,В Катангском районе начался отопительный сезон,https://dzen.ru/a/aqNQXcWGh2NiFxom,2,0,58,В Иркутской области завершается подготовка к отопительному сезону 2026–2027 годов. Об этом сообщили в пресс-службе регионального правительства. По состоянию на 11 сентября отопительный период уже нача
2026-09-10 10:02,article,В Иркутске пенсионерка-дебоширка напала на полицейского,https://dzen.ru/a/aqKB2RwIljOW5FGN,14,0,27,В Иркутске женщину оштрафовали за нападение на полицейского. Об этом сообщили в МВД по Иркутской области. В Иркутске суд признал 66-летнюю местную жительницу виновной в применении насилия к представит
2026-09-10 09:30,article,В Улан-Удэ врач спас от мошенников 3 млн рублей пациентки на приеме,https://dzen.ru/a/aqJ5x8SWjwEs0aeb,3,0,75,В Улан-Удэ офтальмолог спас пациентку во время приема от мошенников. Об этом пишет КП-Иркутск. Чингис Цыденбаев работает заведующим офтальмологическим дневным стационаром поликлиники № 6 в Улан-Удэ. В
2026-09-10 08:52,article,"Задержан курьер мошенников, притворявшихся губернатором Иркутской области",https://dzen.ru/a/aqJxpu6e4WkGByaP,14,0,44,"В Иркутской области задержали курьера телефонных мошенников, выдававших себя за губернатора. Об этом сообщили в региональном МВД. Полиция задержала 20-летнего жителя Новосибирска, которого подозревают"
2026-09-10 08:29,article,В Тулуне дети подожгли диван в подъезде и сняли это на видео для соцсетей,https://dzen.ru/a/aqJq4xwIljOW46MJ,5,0,38,"Девять человек спасли при пожаре в Тулуне. Об этом сообщили в МЧС по Иркутской области. Пожар произошел вечером в поселке Стекольный в Тулуне. По предварительным данным, трое подростков в возрасте от "
2026-09-10 08:01,article,В Забайкалье семья назвала шестерых детей именами на букву «А»,https://dzen.ru/a/aqJkLaKBtmtjNlgi,209,0,96,В семье Абесоновых из Забайкальского края имена почти всех детей начинаются с буквы «А». Об этом пишет КП-Иркутск. В публикации говорится о семье Абесоновых из села Ононское Забайкальского края. Эта м
2026-09-10 06:51,article,Недвижимость сектантов конфисковали в Иркутске,https://dzen.ru/a/aqJUpKKBtmtjNep3,12,0,37,"Октябрьский районный суд Иркутска удовлетворил иск прокурора и признал мнимым договор пожертвования, по которому местная религиозная организация передала объединению в Австрии два земельных участка и "
2026-09-10 05:26,article,В Качугском районе с лесозаготовителя взыскали более 900 тысяч рублей,https://dzen.ru/a/aqJATqKBtmtjNVm5,3,0,29,"Прокуратура Качугского района выявила нарушения законодательства о животном мире. Об этом сообщили в прокуратуре Иркутской области. Установлено, что из-за деятельности одного из лесозаготовителей в 20"
2026-09-10 04:46,article,Сбитая хивусом на льду Байкала женщина раскрыла подробности,https://dzen.ru/a/aqI2zKKBtmtjNRcm,1,0,65,"В Иркутской области суд рассмотрит дело о наезде хивуса на женщину. Об этом пишет КП-Иркутск. Как пишет издание, 39-летняя Ирина попала под хивус 15 февраля 2026 года. В тот день она с подругой приеха"
2026-09-10 04:02,article,В Черемхово более 6 тысяч человек отметили медалями «За доблестный труд»,https://dzen.ru/a/aqIsE-6e4WkGBjYn,0,0,133,"Двенадцати городам, включая Черемхово Иркутской области, будет присвоено звание «Город трудовой доблести». С такой инициативой от имени горожан к Президенту России Владимиру Путину обратилась Единая Р"
2026-09-10 03:12,article,"Стало известно, когда включат отопление в Ангарске",https://dzen.ru/a/aqIglaKBtmtjNIGC,1,0,35,"С понедельника, 14 сентября, в Ангарске Иркутской области начнется подача тепла. Об этом сообщили в мэрии. В первую очередь отопление включат в детских садах, школах и больницах. Жилые дома будут подк"
2026-09-10 02:06,article,В Иркутской области началась вакцинация животных от узелкового дерматита,https://dzen.ru/a/aqIRqBwIljOW4TlI,7,1,35,В населенных пунктах Иркутского муниципального округа началась вакцинация сельскохозяйственных животных от узелкового дерматита. Об этом сообщил губернатор Иркутской области Игорь Кобзев в Max. В реги
2026-09-10 00:54,article,В Листвянке появилась 7-метровая стела с изображением Байкала,https://dzen.ru/a/aqIALKKBtmtjM7Kc,5,0,31,"9 сентября 2026 года на въезде в поселок Листвянка открыли семиметровую стелу с названием населенного пункта и изображением Байкала. Конструкцию установили рядом со смотровой площадкой, сообщил в свое"
2026-09-09 11:31,article,В Иркутске по делу об убийстве разыскивают без вести пропавшего мужчину,https://dzen.ru/a/aqFEMsSWjwEszCtH,7,0,30,"Следователи СК по Куйбышевскому району Иркутска расследуют уголовное дело об убийстве и просят граждан помочь установить личность мужчины, который мог пропасть без вести в период с 2020 по 2023 год. П"
2026-09-09 10:19,article,В Иркутске задержали автоугонщика,https://dzen.ru/a/aqEzF6KBtmtjLajm,1,0,32,"Вечером в Иркутске на улице Байкальской неизвестный угнал фургон Fiat Ducato. Об этом рассказали в МВД по Иркутской области. Очевидец угона сообщил о происшествии в полицию, после чего прибывшие сотру"
2026-09-09 10:02,article,Жителю Тайшета грозит 6 лет лишения свободы за кражу телевизора,https://dzen.ru/a/aqEuz6KBtmtjLXyn,3,0,34,"В Тайшете полицейские по горячим следам раскрыли кражу телевизора из комнаты 85-летней местной жительницы. Об этом сообщили в МВД по Иркутской области. Пенсионерка обратилась в полицию после того, как"
2026-09-09 07:34,article,Опыт реконструкции аэродромов Усть-Кута применят к другим аэропортам,https://dzen.ru/a/aqEMn6KBtmtjLCaj,4,0,46,В Иркутской области планируют применить опыт ремонта аэродромов Усть-Кута и Киренска на остальных аэропортах региона. Реконструкцию аэропортов обсудили заместитель министра транспорта РФ Владимир Поте
2026-09-09 06:01,article,В Усольском районе сгорела квартира в многоэтажке,https://dzen.ru/a/aqD2jKKBtmtjK1Fm,1,0,30,Днем 8 сентября в поселке Белореченский Усольского района произошел пожар в квартире на четвертом этаже многоквартирного дома. Об этом сообщили в МЧС по Иркутской области. До прибытия пожарных из зады
2026-09-09 05:02,article,Штурмовик из Эхирит-Булагатского района Антипин погиб на СВО,https://dzen.ru/a/aqDpP6KBtmtjKs9R,3,0,36,"В зоне СВО погиб уроженец поселка Бозой Эхирит-Булагатского района, рядовой Сергей Антипин. Об этом сообщил глава муниципалитета Геннадий Осодоев. Мужчина родился 13 февраля 1994 года, после школы око"
2026-09-09 04:05,article,В Иркутске могут перенести начало отопительного сезона,https://dzen.ru/a/aqDbg8SWjwEsyC-T,13,0,42,"В Иркутске обсудили готовность города к отопительному сезону. Об этом сообщили в администрации. По данным мэрии, из 25 котельных к зиме уже подготовлены 19, на теплоисточниках создан запас топлива. Ре"
2026-09-09 03:07,article,В Шелехове 15-летнему подростку дали 8 лет за двойное убийство,https://dzen.ru/a/aqDN-sSWjwEsx627,13,0,37,"В Шелехове 15-летнего подростка приговорили к восьми годам лишения свободы за убийство двух человек. Об этом сообщили в СК по Иркутской области. По данным следствия, 12 октября 2025 года в подъезде мн"
2026-09-09 02:01,article,В Иркутске выступит легендарная группа t.A.T.u,https://dzen.ru/a/aqC-T6KBtmtjKVTB,1,0,46,"Российская поп-группа t.A.T.u. выступит с большим сольным концертом в Иркутске 13 ноября. Начало шоу запланировано на 19:00. Для зрителей подготовили хиты «All The Things She Said», «Не верь, не бойся"
2026-09-09 00:46,article,В Иркутской области усилили группы по отстрелу медведей,https://dzen.ru/a/aqCtL6KBtmtjKNAK,3,0,41,"В Иркутской области продолжается работа по регулированию численности медведей из-за участившихся случаев выхода хищников к населенным пунктам. Для этого создали 81 оперативную группу, в которых задейс"
2026-09-08 15:17,article,89 опасных медведей ликвидировали в Иркутской области,https://dzen.ru/a/aqAnZ8SWjwEswebD,20,0,42,"Только за минувшие выходные в Службу спасения поступило больше 50 звонков от жителей разных районов области с сообщениями о том, что к посёлкам подходят косолапые. Люди сообщали, что видели их. Об это"
2026-09-08 15:03,article,Школьники и студенты Иркутской области могут бесплатно обучиться IT,https://dzen.ru/a/aqAkwaKBtmtjI_Sz,0,0,53,В Иркутской области у школьников и студентов колледжей есть возможность бесплатно освоить современные IT-направления — всё в рамках федерального проекта «Код будущего». Об этом irk.aif.ru сообщили в п
2026-09-08 14:54,article,Более 400 жителей Иркутска расселили из аварийных домов,https://dzen.ru/a/aqAhtcSWjwEswaos,0,0,44,В Иркутске за два года по программе комплексного развития территорий новые квартиры получили уже больше 400 человек. Основной срок исполнения большинства соглашений – до 2033 года. Об этом irk.aif.ru 
2026-09-08 14:01,article,"Кота, попавшего в капкан, спасли в Иркутской области",https://dzen.ru/a/aqAViqKBtmtjI1uk,3,0,51,"В Тулуне местные ветеринары выручили кота, который попал в беду, — он угодил в капкан. Об этом irk.aif.ru сообщили в пресс-службе Ассоциации ветеринарии Иркутской области. Трёхлетнего питомца принесли"
2026-09-08 12:40,article,Малый ковчег с мощами Дмитрия Донского прибудет в Крым,https://dzen.ru/a/aqAEDaKBtmtjIpO2,22,0,50,"Малый ковчег с мощами благоверного князя Дмитрия Донского прибудет в Крым — святые можно будет поклониться в Симферополе, а также Севастополе. Об этом сообщает КП-Крым. «Сугубой милостью Божией наша Ц"
2026-09-08 10:01,article,В Иркутске приступили к восстановлению памятника Борцам революции,https://dzen.ru/a/ap_dUMSWjwEsvs3n,2,0,39,"В Иркутске начали восстанавливать памятник Борцам революции у историко-мемориального комплекса «Иерусалимская гора». Работы планируют завершить до конца 2026 года, сообщил мэр города Руслан Болотов. С"
2026-09-08 08:38,article,СК возбудил уголовное дело по факту невыплаты зарплаты в Ангарске,https://dzen.ru/a/ap_VDqKBtmtjIK24,10,0,36,"В Ангарске возбудили уголовное дело в отношении руководства организации по факту полной невыплаты заработной платы работникам свыше двух месяцев. Дело возбуждено по материалам проверки прокуратуры, со"
2026-09-08 08:10,article,Утверждены компенсации за изъятый в Иркутском районе из-за болезни скот,https://dzen.ru/a/ap_U66KBtmtjIKxo,11,0,37,Жителям Иркутского муниципального округа выплатят компенсации за изъятый из-за узелкового дерматита крупный рогатый скот по цене выше рыночной. Об этом сообщил губернатор Иркутской области Игорь Кобзе
2026-09-08 07:07,article,"В Иркутске осудили женщину, убившую мужчину камнем и утопившую его в Ангаре",https://dzen.ru/a/ap_U_qKBtmtjIK0S,3,0,39,"Ленинский районный суд Иркутска вынес приговор 43-летней местной жительнице по делу об убийстве мужчины, совершенном в 2012 году. Об этом сообщили в прокуратуре Иркутской области. Женщину признали вин"
2026-09-08 06:18,article,В Мамско-Чуйском районе прокуратура помогла осветить дорогу,https://dzen.ru/a/ap_U_qKBtmtjIK0E,7,0,35,В рабочем поселке Мама Мамско-Чуйского района после вмешательства прокуратуры установили стационарное освещение на улицах Октябрьская и Связи. Об этом сообщили в прокуратуре Иркутской области. Ранее п
2026-09-08 05:24,article,В Иркутском районе изменили место ликвидации больного скота,https://dzen.ru/a/ap_U_qKBtmtjIK0b,5,0,52,"В Иркутском муниципальном округе изменили место, где будут уничтожать изъятый у населения скот, зараженный узелковым дерматитом. Новый участок находится примерно в трех километрах от деревни Бутырки. "
2026-09-08 02:08,article,В Братске заметили медведя,https://dzen.ru/a/ap_VA8SWjwEsvoSK,2,0,30,В Братске охотоведы проверяют информацию о появлении медведя в районе Курчатовского лога и прилегающих лесных массивах. Мэр города Александр Дубровин призвал жителей с осторожностью отнестись к предуп
2026-09-08 00:59,article,"В Иркутской области с посредника взяток взыскали 1,6 млн рублей",https://dzen.ru/a/ap_U7sSWjwEsvoQf,3,0,34,"В Иркутской области с местного жителя взыскали 1,6 млн рублей в доход государства. Об этом сообщили в Восточно-Сибирской транспортной прокуратуре. Ранее мужчина был осужден за посредничество во взяточ"
2026-09-07 14:03,article,Участие в крестном ходе приняли более 15 тысяч жителей Иркутска,https://dzen.ru/a/ap_U7cSWjwEsvoQW,2,0,46,"Иркутск в 2026 году стал одним из 13 городов, принимающих ковчег с мощами святителя Спиридона Тримифунтского, которые привезли с острова Корфу. Об этом сообщает пресс-служба администрации города. «Кол"
2026-09-07 13:40,article,За помощь мошенникам суд назначил штраф 17-летней жительнице Киренска,https://dzen.ru/a/ap_U_qKBtmtjIK0G,1,0,53,"Через банковскую карту 17-летней жительницы прошло около 200 тысяч рублей. Как сообщает пресс-служба МВД Иркутской области, предположительно, они имеют криминальное происхождение. За участие в преступ"
2026-09-07 08:24,article,В Чунском районе отца отдали под суд за покупку сыну мотоцикла,https://dzen.ru/a/ap51kqKBtmtjFVq7,9,0,55,"В Чунском районе завершено расследование уголовного дела в отношении 44-летнего местного жителя, обвиняемого в вовлечении несовершеннолетнего в совершение действий, представляющих опасность для его жи"
2026-09-07 07:12,article,"В Иркутской области отдали под суд водителя хивуса, сбившего женщину",https://dzen.ru/a/ap5kfKKBtmtjFLVr,3,0,38,"В Иркутской области судят судоводителя, сбившего женщину на коньках на Байкале. Об этом сообщили в Восточном МСУТ СК России. Завершено расследование уголовного дела в отношении 26-летнего жителя Иркут"
2026-09-07 06:25,article,Названа дата открытия аэропорта Киренска,https://dzen.ru/a/ap5ZBKKBtmtjFE0O,0,0,40,Аэропорт Киренска в Иркутской области возобновит работу с 8 сентября. Об этом сообщил губернатор Иркутской области Игорь Кобзев. Аэропорт был закрыт с 1 июня 2026 года из-за неудовлетворительного сост
2026-09-07 03:43,article,Почти 100 голов КРС уничтожат из-за опасной болезни животных под Иркутском,https://dzen.ru/a/ap4zesSWjwEssN2E,6,0,45,В деревнях Бутырки и Коты Иркутского округа зафиксировали 96 случаев заразного узелкового дерматита среди крупного рогатого скота. Об этом сообщили в правительстве Иркутской области. В Бутырках введен
2026-09-07 02:59,article,В Братске медведь напал на охотника,https://dzen.ru/a/ap4o1KKBtmtjEo7A,56,1,54,За прошедшие выходные мобильные группы охотников и сотрудников службы по охране животных в рамках регулирования численности добыли три особи медведя. Отстрел проходил в правобережном районе Братска во
2026-09-07 01:53,article,Иркутский певец с особенностями записал новую песню Фадеева и Захаровой,https://dzen.ru/a/ap4ZQcSWjwEsr-yy,29,0,39,"4 сентября состоялась премьера композиции «Взлетаем на грозу», авторами которой выступили продюсер Максим Фадеев и официальный представитель МИД России Мария Захарова. Исполнил песню 24-летний музыкан"
2026-09-07 01:00,article,В Иркутской области склад древесины привели в порядок после проверки,https://dzen.ru/a/ap4NMKKBtmtjEZda,2,0,34,"Нижнеудинская транспортная прокуратура провела проверку на предприятии, занимающемся внешнеэкономической деятельностью. Об этом сообщили в пресс-службе Восточно-Сибирской транспортной прокуратуры. Выя"
2026-09-06 09:33,article,В Усть-Илимске жители разрушающегося дома обратились к Бастрыкину,https://dzen.ru/a/ap00QaKBtmtjCpjQ,5,0,39,Председатель Следственного комитета России Александр Бастрыкин затребовал доклад о результатах проверки по обращению жителей многоквартирного дома на улице Наймушина в Усть-Илимске. Об этом сообщили в
2026-09-06 07:08,article,Отец семерых детей из Иркутской области Сократ Обогонов погиб на СВО,https://dzen.ru/a/ap0SBaKBtmtjCYYs,4,0,32,В ходе СВО погиб уроженец Эхирит-Булагатского района Сократ Обогонов. Об этом сообщил глава муниципалитета Геннадий Осодоев. 7 апреля 2026 года при освобождении населённого пункта Варваровка Запорожск
2026-09-06 05:13,article,У коров ЗУД. В Иркутской области ввели карантин из-за опасной болезни,https://dzen.ru/a/apz3KaKBtmtjCKnf,257,3,209,"Под Иркутском ввели карантин из-за опасной болезни, которую вновь выявили у крупного рогатого скота. Коровы столкнулись с заразным узелковым дерматитом (ЗУД). Власти организовали мероприятия по борьбе"
2026-09-06 04:49,article,Президент удостоил Черемхово звания «Город трудовой доблести»,https://dzen.ru/a/apzxdcSWjwEsppEB,8,0,61,Городу Черемхово Иркутской области присвоено звание «Город трудовой доблести». Соответствующий указ подписал президент Владимир Путин. «За значительный вклад жителей городов в достижение Победы в Вели
2026-09-06 02:30,article,В Иркутске умерла заслуженный врач РФ Татьяна Павлова,https://dzen.ru/a/apzQ3qKBtmtjB3-b,67,0,29,"4 сентября умерла заслуженный врач РФ, кандидат медицинских наук, заместитель главврача Иркутской областной клинической больницы по педиатрической работе Татьяна Павлова. Об этом сообщило региональное"
2026-09-05 11:11,article,В Иркутской области возбудили дело из-за гибели в пожаре пациента больницы,https://dzen.ru/a/apv5VqKBtmtjAHu0,4,0,28,В Железногорске-Илимском возбуждено дело после гибели пациента при пожаре в больнице. Об этом сообщили в СК по Иркутской области. 5 сентября в психоневрологическом отделении районной больницы произошл
2026-09-05 06:12,article,В Бодайбо директора и главного инженера отдали под суд за майнинг в доме,https://dzen.ru/a/apuy-aKBtmtj_jHO,7,0,30,В Бодайбо директора и главного инженера фирмы будут судить за майнинг криптовалюты в жилом доме. Об этом сообщили в прокуратуре Иркутской области. Прокуратура утвердила обвинительное заключение по ч. 
2026-09-05 04:11,article,Пенсионерке помогли оформить квартиру в собственность в Балаганском районе,https://dzen.ru/a/apuW-KKBtmtj_UR0,2,0,27,Прокуратура помогла 81-летней пенсионерке из Балаганского района признать право собственности на квартиру. Об этом сообщили в пресс-службе надзорного ведомства. Женщина более 30 лет проживала в жилом 
2026-09-05 02:31,article,В Иркутской области приняли решение о ликвидации 160 медведей,https://dzen.ru/a/apt_msSWjwEsmqc_,58,4,32,В Иркутской области остаётся сложной ситуация с выходами медведей. Об этом сообщили в региональном Охотнадзоре. Специалисты Охотнадзора держат обстановку по ситуации с медведями в Иркутской области на
2026-09-04 09:17,article,Под Иркутском ввели карантин из-за опасной болезни у коров,https://dzen.ru/a/apqM0qKBtmtj8-bo,3,0,39,В Иркутском районе ввели режим повышенной готовности из-за дерматита у коров. Об этом сообщили в администрации муниципалитета. Режим повышенной готовности объявлен на территории Иркутского муниципальн
2026-09-04 08:28,article,Не пришить? Шестилетнему мальчику оторвало палец дверью подъезда,https://dzen.ru/a/apqBfaKBtmtj84oZ,9,0,293,"В Иркутской области шестилетнему мальчику оторвало верхнюю часть пальца, когда он закрывал дверь подъезда. Мать сразу же обратилась в больницу, но врачи не стали пришивать оторванную фалангу. Женщина "
2026-09-04 08:12,article,Анатолий Серышев и Игорь Кобзев обсудили вопросы развития Иркутской области,https://dzen.ru/a/app91qKBtmtj82xw,5,0,73,"Полномочный представитель Президента в СФО Анатолий Серышев и губернатор Иркутской области Игорь Кобзев провели встречу, посвящённую социально-экономическому развитию региона. Обсуждались исполнение б"
2026-09-04 07:38,article,Жительницу Бурятии осудили за езду с фальшивыми правами в Слюдянке,https://dzen.ru/a/app1_8SWjwEskY0n,6,0,44,"Жительница Бурятии осуждена за использование поддельных прав, купленных за 85 тысяч рублей. Об этом сообщили в прокуратуре Иркутской области. Слюдянский районный суд вынес приговор в отношении 31-летн"
2026-09-04 06:20,article,В Иркутском районе застройщика обязали законсервировать недострой,https://dzen.ru/a/appjWcSWjwEskPtu,0,0,45,Прокуратура через суд обязала застройщика законсервировать недострой в Марково. Об этом сообщили в прокуратуре Иркутской области. Прокуратура Иркутского района проверила исполнение градостроительного 
2026-09-04 05:12,article,В Иркутске иностранку оштрафовали за контрабанду алмазов и золотых колец,https://dzen.ru/a/appTnaKBtmtj8iV9,10,0,36,"В Иркутске осудили иностранку за контрабанду алмазов и драгоценностей на 6,3 млн рублей. Об этом сообщили в Восточно-Сибирской транспортной прокуратуре. Октябрьский районный суд Иркутска вынес пригово"
2026-09-04 04:13,article,В Иркутске специалист по закупкам получил срок за хищение 4 млн рублей,https://dzen.ru/a/appGE8SWjwEskBke,11,0,56,Бывший специалист по закупкам иркутского предприятия осуждён на 3 года колонии за мошенничество на 4 млн рублей. Об этом сообщили в пресс-службе судов Иркутской области. Октябрьский районный суд Иркут
2026-09-04 03:29,article,"В Иркутске почтили память медиков, погибших от COVID-19",https://dzen.ru/a/apo7YMSWjwEsj8in,2,0,49,"В Иркутске почтили память 46 медиков, погибших от COVID-19. Об этом сообщили в пресс-службе регионального правительства. В Иркутске прошла церемония, приуроченная ко Дню памяти медицинских работников,"
2026-09-04 03:12,article,В Усть-Илимске в результате пожара погибла женщина,https://dzen.ru/a/apo3zsSWjwEsj65O,1,0,51,Женщина погибла на пожаре в Усть-Илимске из-за непотушенной сигареты. Об этом сообщили в МЧС по Иркутской области. Ночью 4 сентября на улице Наймушина загорелась квартира на втором этаже многоквартирн
2026-09-04 01:53,article,В Иркутской области ребенок вырастил тыкву-гиганта весом под 900 кг,https://dzen.ru/a/apolSaKBtmtj8M2c,9,0,58,"12-летний житель Иркутской области везёт на чемпионат в Москву тыкву весом под 900 кг. Об этом сообщили в правительстве региона. Гигантскую тыкву, выращенную в селе Савватеевка Ангарского округа, отпр"
2026-09-04 00:44,article,В Черемхово горнодобывающую компанию оштрафовали за отходы,https://dzen.ru/a/apoU2cSWjwEsjrcv,1,0,33,В Черемхово суд обязал угольную компанию убрать отвалы за пределами лицензионного участка. Об этом сообщили в пресс-службе надзорного ведомства. Прокуратура города Черемхово выявила нарушение при добы
2026-09-03 09:33,article,Опоздавшему на самолет мужчине грозит срок за сообщение о бомбе в аэропорту,https://dzen.ru/a/apk_B8SWjwEshzq6,6,0,28,Жителю Подмосковья грозит суд за ложную бомбу в аэропорту Иркутска. Об этом сообщили в Восточно-Сибирской транспортной прокуратуре. Байкало-Ангарская транспортная прокуратура утвердила обвинительное з
2026-09-03 08:30,article,"Школьница хотела вытащить отца из притона, но чуть не лишилась жизни",https://dzen.ru/a/apkwxMSWjwEshqjX,11,0,73,"В Улан-Удэ соседка напала с ножом на 17-летнюю девушку. Об этом сообщает КП-Иркутск. Инцидент произошел в начале лета в Советском районе. Как пишет издание, 17-летняя девушка с другом отправились иска"
2026-09-03 07:46,article,В Иркутске мужчину осудили за падение качелей на 13-летнюю девочку,https://dzen.ru/a/apkmDcSWjwEshj0F,5,0,38,"В Иркутске мужчину оштрафовали за падение качелей на девочку. Об этом сообщили в прокуратуре Иркутской области. Ленинский районный суд Иркутска вынес приговор местному жителю, признанному виновным в о"
2026-09-03 06:51,article,Водитель троллейбуса спасла пенсионерку от потери миллионов в Братске,https://dzen.ru/a/apkZO8SWjwEshbqL,9,0,77,"В Братске водитель троллейбуса спасла миллионы рублей пенсионерки. Об этом сообщает КП-Иркутск. Как пишет издание, 70-летняя женщина возвращалась домой на троллейбусе № 6, когда ей позвонили мошенники"
2026-09-03 06:12,article,Погибшие в Иркутской области пчёлы были здоровы,https://dzen.ru/a/apkQzqKBtmtj5wf9,9,0,32,"В Иркутской области специалисты ветслужбы проверили пасеки, где произошла массовая гибель пчёл. Лабораторные исследования трупов насекомых, мёда и перги не выявили у них таких болезней, как варроатоз,"
2026-09-03 05:34,article,"В Улан-Удэ 6-летняя девочка спасла двухлетнего брата, тонувшего в бассейне",https://dzen.ru/a/apkHaqKBtmtj5q6D,68,0,69,"В Бурятии 6-летняя девочка спасла двухлетнего брата, который чуть не утонул в бассейне. Об этом сообщает КП-Иркутск. В семье Раднаевых из Улан-Удэ трое детей — шестилетняя Даяна, двухлетний Тамир и их"
2026-09-03 04:31,article,В Иркутске у бизнесмена изъяли контрафакт под видом брендовых вещей,https://dzen.ru/a/apj4a6KBtmtj5i2d,11,0,35,В Иркутске у предпринимателя изъяли контрафакт на 120 тысяч рублей. Об этом сообщили в Восточно-Сибирской транспортной прокуратуре. Байкало-Ангарская транспортная прокуратура провела проверку в одном 
2026-09-03 03:44,article,Трёхкратный номинант на «Оскар» представит фильм на фестивале в Иркутске,https://dzen.ru/a/apjtv8SWjwEshDUy,1,0,51,"С 14 по 22 сентября в Иркутске пройдёт XXV Байкальский международный кинофестиваль «Человек и Природа» имени В.Г. Распутина. В программе — документальные, научно-популярные, анимационные, игровые и по"
2026-09-03 03:15,article,Жители иркутского поселка пожаловались но повышение стоимости проезда,https://dzen.ru/a/apjmlcSWjwEsg_jK,12,0,40,"В Иркутском районе пассажиры маршрута № 402 «Иркутск — Плишкино» недовольны повышением тарифов. Как сообщает газета «Областная», с декабря 2025 года по октябрь 2026 года цена проезда выросла с 80 до 9"
2026-09-03 00:37,article,В Иркутской области ввели штрафы за выезд на лёд,https://dzen.ru/a/apjCF6KBtmtj5GJo,0,0,32,"С 1 сентября в Иркутской области начали действовать штрафы за выезд транспорта на лёд в неразрешённых местах. Для граждан сумма взыскания составляет до 2 тысяч рублей, а при наличии пассажиров — до 3 "
2026-09-02 11:31,article,17-летняя студентка завоевала корону в конкурсе «Мисс Крым-2026»,https://dzen.ru/a/apgJUVE6NU7Dd5g1,70,0,54,17-летняя Анастасия Чернышева из Севастополя одержала победу в конкурсе «Мисс Крым-2026» в Ялте. Об этом сообщает КП-Крым. Девушка окончила 11-й класс и поступила на хореографа в Херсонский педуниверс
2026-09-02 10:47,article,Из крымской пещеры «Таврида» вывезли тонны костей,https://dzen.ru/a/apf_ZspJF0LmI_m1,8,0,34,"Из крымской пещеры «Таврида» за восемь лет вывезли три тонны костей доисторических животных. Об этом рассказал палеонтолог Богдан Зайцев, передает КП-Крым. Большая часть остатков находится в Москве, и"
2026-09-02 09:04,article,Из Иркутской области выдворят 55 нелегалов,https://dzen.ru/a/apfnGMpJF0LmIvp9,6,1,36,За пять дней полиция выявила 250 нарушений миграционного законодательства. Об этом сообщили в МВД по Иркутской области. Сотрудники УВМ ГУ МВД совместно с коллегами из других подразделений и ФСБ провер
2026-09-02 08:08,article,В Иркутской области ребенку дверью оторвало часть пальца,https://dzen.ru/a/apfaS8pJF0LmInRx,5,0,37,"В Иркутской области ребенку оторвало треть пальца. Об этом сообщает РЕН ТВ. Мать мальчика рассказала изданию, что 12 августа ее сын гулял с подругой в Железногорске-Илимском. Дети пытались подпереть в"
2026-09-02 07:32,article,В Нижнеудинске УК заставили сделать перерасчёт платы за ЖКУ,https://dzen.ru/a/apfRvcpJF0LmIhwA,6,0,29,"Прокуратура добилась перерасчёта за ЖКУ для жителей Нижнеудинска. Об этом сообщили в пресс-службе надзорного ведомства. Нижнеудинская межрайонная прокуратура выявила, что управляющая компания с января"
2026-09-02 06:45,article,Спасенному изюбрю Грише из-за перелома ампутировали конечность,https://dzen.ru/a/apfGYMpJF0LmIasw,2,0,35,"Изюбру Грише из Иркутского зоопарка ампутировали конечность. Об этом сообщили в пресс-службе учреждения. Изюбрь получил тяжелый перелом конечности, из-за чего ее пришлось ампутировать. Отмечается, что"
2026-09-02 01:56,article,В Иркутске школу № 30 назвали в честь погибшего бойца СВО,https://dzen.ru/a/apeCv1E6NU7Dcrb4,3,0,53,"Иркутской школе № 30 присвоили имя погибшего героя-учителя Ильи Легкодимова. Об этом сообщили в мэрии. Торжественное мероприятие прошло в День знаний. Имя участника СВО, учителя физики и информатики И"
2026-09-02 00:53,article,В Иркутске завершают ремонт Московских ворот,https://dzen.ru/a/apdzz1E6NU7Dcjz_,2,0,43,"В Иркутске завершается ремонт фасада Московских ворот – триумфальной арки на Нижней набережной Ангары. Об этом сообщили в мэрии. Чиновники и архитекторы проинспектировали объект, оценив качество покра"
2026-09-01 15:07,article,В Иркутском зоосаде от тяжёлой болезни умерла верблюдица Земфира,https://dzen.ru/a/apbq9MpJF0LmGpJ4,2,0,31,В Иркутском зоосаде умерла верблюдица Земфира. Животное страдало от тяжёлого заболевания. Об этом irk.aif.ru сообщили в учреждении. «Земфира заболела. Несмотря на оказанную помощь и усилия специалисто
2026-09-01 12:37,article,На 3 млн рублей оштрафовали жителя Иркутска за оправдание нацизма,https://dzen.ru/a/apbHSVE6NU7DbImF,6,0,39,Жителя Иркутска осудили за публичное оправдание нацизма в соцсетях и оштрафовали на три миллиона рублей. Об этом irk.aif.ru сообщили в пресс-службе СУ СКР по Иркутской области. «Мужчина распространил 
2026-09-01 12:07,article,Ливни и сильные порывы ветра ожидаются в Иркутской области 2 сентября,https://dzen.ru/a/apbA_8pJF0LmGRZW,3,0,55,Иркутскую область 2 сентября накроют сильные дожди и ливни с порывами ветра до 25 метров в секунду. Об этом irk.aif.ru сообщили в пресс-службе регионального Гидрометцентра. «Ночью облачно с прояснения
2026-09-01 09:40,article,"В Иркутске директора фирмы отдали под суд за хищение 1,4 млн рублей",https://dzen.ru/a/apad-PWX808cAkW-,11,0,42,"В Иркутске директора строительной фирмы будут судить за хищение 1,4 млн рублей. Об этом сообщили в Восточно-Сибирской транспортной прокуратуре. В Свердловский районный суд Иркутска направлено уголовно"
2026-09-01 09:13,article,Травмпункт №1 в Иркутске переехал в новое здание,https://dzen.ru/a/apaX1SWD6W9q55yh,6,0,53,"В Иркутске заработал новый травмпункт — теперь он переехал в здание на улице Трилиссера, 60. Раньше помощь пациентам оказывали на Байкальской, в здании ГКБ № 1, но сейчас приём пациентов ведут уже по "
2026-09-01 08:25,article,В СФР напомнили о пособиях беременным студенткам в Иркутской области,https://dzen.ru/a/apaMR_WX808cAatH,9,0,44,"Студентки-очницы в Иркутской области могут получить пособие по беременности и родам. Об этом напомнили в региональном Отделении Социального фонда. Будущие матери, обучающиеся очно в вузах, колледжах, "
2026-09-01 07:54,article,В Иркутской области медведь прибежал на железнодорожную станцию,https://dzen.ru/a/apaFCiWD6W9q5wLU,17,0,37,"Медведь вышел к железнодорожной станции в Иркутской области. Об этом сообщает Telegram-канал RT. Telegram-канал опубликовал видео, в котором пассажиры, ожидающие поезд, засняли выбежавшего на железную"
2026-09-01 06:41,article,В Иркутске пьяного водителя отправили в колонию и лишили автомобиля,https://dzen.ru/a/apZ0nCWD6W9q5nU0,1,0,41,"В Иркутске осуждён водитель, повторно севший за руль пьяным. Об этом сообщили в пресс-службе судов Иркутской области. Свердловский районный суд Иркутска вынес приговор 45-летнему мужчине, который повт"
2026-09-01 06:02,article,В Усть-Куте открыли аэропорт,https://dzen.ru/a/apZquiWD6W9q5iq8,3,0,54,"С 1 сентября аэропорт Усть-Кута возобновил приём и отправку рейсов после завершения первого этапа капитального ремонта взлётно-посадочной полосы. Губернатор Игорь Кобзев лично оценил результат, прибыв"
2026-09-01 05:20,article,Иркутянка представит Сибирь на конкурсе «Миссис Вселенная» в Шри-Ланке,https://dzen.ru/a/apZheyWD6W9q5dQz,11,0,31,"Жительница Иркутска Екатерина Чопей представит родной город и Сибирь на международном конкурсе красоты «Миссис Вселенная», который пройдет в октябре в Шри-Ланке. Об этом она рассказала irk.aif.ru. За "
2026-09-01 03:15,article,В Слюдянском районе из-за медведей ввели комендантский час,https://dzen.ru/a/apZDmfWX808c_1nD,19,0,28,В Слюдянском районе запретили школьные линейки на улице из-за медведей. Об этом сообщили в местной администрации. В Слюдянском районе ввели ограничения из-за участившихся выходов медведей в город. Ком
2026-09-01 03:09,article,Осквернителям воинского мемориала в Братске дали условные сроки,https://dzen.ru/a/apZCLSWD6W9q5NyJ,7,0,40,Иркутский областной суд признал троих мужчин виновными в осквернении символов воинской славы России. Ещё один мужчина и женщина осуждены за организацию незаконной миграции. Инцидент произошёл 24 сентя
2026-09-01 00:56,article,Кобзев проверил восстановление пострадавшего от взрыва газа дома в Ангарске,https://dzen.ru/a/apYi6fWX808c_lGX,7,0,53,"Губернатор Иркутской области Игорь Кобзев проинспектировал капитальный ремонт двух многоквартирных домов в Ангарске. В доме № 12 в 12 микрорайоне, пострадавшем при взрыве бытового газа, уже восстановл"
2026-08-31 13:36,article,Алексей Чадов приедет в Иркутск на кинофестиваль «Человек и природа»,https://dzen.ru/a/apWEP_WX808c-QS5,6,0,45,"Алексей Чадов — российский актёр театра, кино и телевидения, кинорежиссёр, сценарист и продюсер приедет в Иркутск на открытие 25-го Байкальского международного кинофестиваля «Человек и Природа» имени "
2026-08-31 11:32,article,Отопление в Иркутске планируют включить с 15 сентября,https://dzen.ru/a/apVmxSWD6W9q3aC3,4,0,52,"Начало отопительного сезона в Иркутске планируется с 15 сентября. Об этом сообщил мэр города Руслан Болотов. «Подключение пройдёт поэтапно: сначала детские сады, школы, больницы, затем — жилые дома. Р"
2026-08-31 11:13,article,В Усолье-Сибирском подросток пострадал во время конфликта,https://dzen.ru/a/apVifiWD6W9q3Xkh,6,0,36,"Жительница Усолья-Сибирского обратилась в полицию после того, как неизвестный ударил её 14-летнего сына. Через несколько часов подросток вместе с матерью обратился в больницу за помощью. Об этом сообщ"
2026-08-31 09:26,article,Средняя зарплата в Иркутске превысила 126 тысяч рублей,https://dzen.ru/a/apVI9K3UpQP2wgGh,4,0,44,"Иркутскстат опубликовал данные о социально-экономическом положении Иркутска за первое полугодие 2026 года. Средняя начисленная зарплата до вычета налогов достигла 126,1 тыс. рублей, однако в реальном "
2026-08-31 08:56,article,В Иркутске разыскивают воров шоколада на 35 тысяч рублей,https://dzen.ru/a/apVCel_t_ztBBycD,11,0,34,"В Иркутске полиция ищет троих молодых людей, укравших шоколад на 35 тысяч рублей. Об этом сообщили в МВД по Иркутской области. В отдел полиции № 1 МУ МВД России «Иркутское» поступило заявление из супе"
2026-08-31 07:52,article,В Иркутске ужесточили приговор организаторам нелегального казино,https://dzen.ru/a/apUzeF_t_ztBBqE4,11,0,42,Суд ужесточил наказание организаторам нелегального казино в Иркутске. Об этом сообщили в прокуратуре Иркутской области. Иркутский областной суд удовлетворил апелляцию прокуратуры и заменил условные ср
2026-08-31 06:15,article,Жительницу Тайшета отдали под суд за покупку мопеда сыну,https://dzen.ru/a/apUcw1_t_ztBBeIx,15,0,35,"Жительницу Тайшета будут судить за то, что она позволила сыну-подростку управлять мопедом. Об этом сообщили в Следственном комитете по Иркутской области. В Иркутской области завершено расследование уг"
2026-08-31 05:25,article,Два ребенка устроили пожар в Тайшете,https://dzen.ru/a/apUQoGni3D3wdXGe,1,0,30,В Тайшете из-за игры со спичками сгорел гараж. Об этом сообщили в МЧС по Иркутской области. Вечером 30 августа в микрорайоне имени Мясникова загорелось неэксплуатируемое здание. Дознаватели МЧС устано
2026-08-31 03:12,article,Суд обязал обеспечить жительницу Иркутска препаратом за 19 млн рублей,https://dzen.ru/a/apTyAa3UpQP2wCcb,10,0,29,Суд обязал обеспечить иркутянку жизненно важным препаратом за 19 млн рублей. Об этом сообщили в прокуратуре Иркутской области. Прокуратура Ленинского района Иркутска добилась в суде обеспечения местно
2026-08-31 01:56,article,В Иркутске отреставрируют исторический корпус Кузнецовской больницы,https://dzen.ru/a/apTfeWni3D3wdPRS,10,0,29,"Объявлен тендер на второй этап капремонта здания Кузнецовской больницы на бульваре Гагарина, 4. На восстановление объекта культурного наследия выделено 74,3 миллиона рублей, сообщили в Ростендере. Зая"
2026-08-31 00:57,article,Три тысячи работодателей обратились в Кадровый центр Иркутской области,https://dzen.ru/a/apTR-F_t_ztBA6Le,0,0,52,"Кадровый центр Иркутской области подвел итоги работы с начала года. Об этом сообщили в пресс-службе регионального правительства. С января специалисты оказали более 12,7 тысячи мер поддержки свыше 3 ты"
2026-08-30 10:40,article,В Иркутске пропал 13-летний подросток,https://dzen.ru/a/apQJWmni3D3wcukX,6,0,29,"В Иркутской области разыскивают 13-летнего Даньяра Пулатова. Об этом сообщили в региональном МВД. Полиция просит помощи в поиске подростка, который ушёл из дома в селе Мамоны 29 августа около 11 часов"
2026-08-30 10:10,article,В Иркутской области мошенники начали использовать дипфейк губернатора,https://dzen.ru/a/apQCQWni3D3wctcQ,5,0,43,"Губернатор Иркутской области Игорь Кобзев предупредил жителей о мошенниках, использующих его дипфейк. Об этом сообщил в своем канале в MAX. Глава региона Игорь Кобзев обратился к жителям с предупрежде"
2026-08-30 03:38,article,"В МЧС напомнили, что делать при встрече с медведем в Иркутской области",https://dzen.ru/a/apOl1Wni3D3wcfpH,29,0,30,Спасатели предупредили жителей Иркутской области о мерах безопасности при встрече с медведем. Об этом сообщили в региональном МЧС. При обнаружении медведя следует спокойно и без резких движений покину
2026-08-30 01:55,article,"Нарколог рассказал, можно ли садиться за руль после безалкогольного пива",https://dzen.ru/a/apOOUWni3D3wccON,9,0,34,"Употребление безалкогольного пива перед вождением не запрещено, однако несколько бутылок могут поднять уровень этанола в крови до допустимого предела или превысить его, а характерный запах спровоцируе"
